{"cameraMode":{"drawMode":0,"name":"Shaded","section":"Shading Mode"},"sceneLighting":false,"audioPlay":false,"sceneViewState":{"showFog":true,"showMaterialUpdate":false,"showSkybox":false,"showFlares":true,"showImageEffects":true,"showParticleSystems":true,"showVisualEffectGraphs":true,"m_FxEnabled":true},"in2DMode":false,"pivot":{"x":-19.293079376220704,"y":0.8692808151245117,"z":-4.665218353271484},"rotation":{"x":0.008966918103396893,"y":-0.9675596952438355,"z":0.23890642821788789,"w":0.08197462558746338},"size":3.5903515815734865,"orthographic":false}