{"cameraMode":{"drawMode":0,"name":"Shaded","section":"Shading Mode"},"sceneLighting":false,"audioPlay":false,"sceneViewState":{"showFog":true,"showMaterialUpdate":false,"showSkybox":false,"showFlares":true,"showImageEffects":true,"showParticleSystems":true,"showVisualEffectGraphs":true,"m_FxEnabled":true},"in2DMode":false,"pivot":{"x":-19.183626174926759,"y":1.8580964803695679,"z":-2.301170825958252},"rotation":{"x":0.00993997510522604,"y":0.9886602163314819,"z":-0.12915223836898805,"w":0.07607507705688477},"size":0.8836328387260437,"orthographic":false}